<?xml version="1.0"  encoding="ISO-8859-1"?>
<!DOCTYPE Configure PUBLIC 
 "-//Mort Bay Consulting//DTD Configure 1.2//EN"
 "http://jetty.mortbay.org/configure_1_2.dtd">

<Configure class="org.mortbay.jetty.Server">
	<Call name="addListener">
		<Arg>:2000</Arg>
	</Call>
	<Call name="addWebApplication">
		<Arg>/helloName</Arg>
		<Arg>.</Arg>
	</Call>
	<Call name="getContext">
		<Arg>/</Arg>
		<Call name="addServlet">
			<Arg>/</Arg>
			<Arg>
				org.araneaframework.example.common.framework.RedirectionServlet
			</Arg>
			<Call name="setInitParameter">
				<Arg>webapp-root</Arg>
				<Arg>/helloName/main</Arg>
			</Call>
		</Call>
	</Call>
</Configure>

