<?xml version="1.0" encoding="UTF-8"?>
<!DOCTYPE log4j:configuration SYSTEM "log4j.dtd">
<log4j:configuration xmlns:log4j="http://jakarta.apache.org/log4j/" debug="false">
   <appender name="CONSOLE" class="org.apache.log4j.ConsoleAppender">
      <layout class="org.apache.log4j.PatternLayout">
         <param name="ConversionPattern" value="%d{hh:mm:ss} %-5p - %c{1}.%M - %m%n"/>
      </layout>
   </appender>

   <category name="org.araneaframework" additivity="false">
	    <priority value="ALL"/>
      <appender-ref ref="CONSOLE"/>
   </category>
   
   <root>
	  <priority value="INFO"/>
      <appender-ref ref="CONSOLE"/>
   </root>

</log4j:configuration>
